{"cameraMode":{"drawMode":0,"name":"Shaded","section":"Shading Mode"},"sceneLighting":false,"audioPlay":false,"sceneViewState":{"m_AlwaysRefresh":false,"showFog":true,"showSkybox":false,"showFlares":true,"showImageEffects":true,"showParticleSystems":true,"showVisualEffectGraphs":true,"m_FxEnabled":true},"in2DMode":false,"pivot":{"x":0.012141823768615723,"y":0.3700334429740906,"z":0.11330068111419678},"rotation":{"x":0.1193256601691246,"y":0.6682727932929993,"z":-0.10983320325613022,"w":0.7260265350341797},"size":0.9966724514961243,"orthographic":false}